"ZipCode","Borough","Total_Population","Total_Housing_Units","total_dogs","Dogs_Per_Person","Dogs_Per_Housing_Unit"
10001,"Manhattan",17310,9806,5648,0.326285384170999,0.575973893534571
10002,"Manhattan",84870,32965,6982,0.0822669965830093,0.211800394357652
10003,"Manhattan",53673,31154,8234,0.153410467087735,0.264299929383065
10004,"Manhattan",1225,779,808,0.659591836734694,1.03722721437741
10005,"Manhattan",884,562,2007,2.27036199095023,3.5711743772242
10006,"Manhattan",1447,978,795,0.549412577747063,0.812883435582822
10007,"Manhattan",3522,1333,1405,0.398921067575241,1.05401350337584
10009,"Manhattan",58595,30199,11229,0.191637511733083,0.371833504420676
10010,"Manhattan",26408,16648,6544,0.247803695849742,0.393080249879865
10011,"Manhattan",46669,30277,11873,0.254408708136022,0.392145853287974
10012,"Manhattan",26000,14625,4609,0.177269230769231,0.315145299145299
10013,"Manhattan",25042,11230,4152,0.165801453558023,0.369723953695459
10014,"Manhattan",32667,21597,7862,0.240671013561086,0.364032041487244
10016,"Manhattan",51217,33203,8332,0.162680360036707,0.250941180013854
10017,"Manhattan",16201,12696,2374,0.146534164557743,0.186988027725268
10018,"Manhattan",4255,2299,2144,0.503877790834313,0.932579382340148
10019,"Manhattan",36012,26090,9064,0.251693879817838,0.347412801839785
10020,"Manhattan",1,1,25,25,25
10021,"Manhattan",102078,69449,7763,0.0760496874938772,0.111779867240709
10022,"Manhattan",30642,23000,6111,0.199432151948306,0.265695652173913
10023,"Manhattan",62206,40620,13208,0.212326785197569,0.325160019694732
10024,"Manhattan",61414,35838,12299,0.200263783502133,0.343183213348959
10025,"Manhattan",97086,48391,16150,0.166347362132542,0.333739744993904
10026,"Manhattan",30377,13632,3410,0.112255983145143,0.250146713615023
10027,"Manhattan",56168,25625,5036,0.0896595926506196,0.196526829268293
10028,"Manhattan",44987,28014,9250,0.205614955431569,0.330192046833726
10029,"Manhattan",75390,29068,8646,0.114683645045762,0.29744048438145
10030,"Manhattan",25847,12934,1849,0.0715363485123999,0.142956548631514
10031,"Manhattan",60221,22778,4016,0.0666877003038807,0.176310475019756
10032,"Manhattan",63842,21831,3888,0.060900347733467,0.17809536897073
10033,"Manhattan",58259,20012,4166,0.0715082648174531,0.208175094943034
10034,"Manhattan",41756,15660,3521,0.0843232110355398,0.224840357598978
10035,"Manhattan",32702,12054,3019,0.092318512629197,0.250456280073005
10036,"Manhattan",18751,11618,6474,0.345261586048744,0.55723876742985
10037,"Manhattan",16984,9033,1522,0.0896137541215261,0.16849330233588
10038,"Manhattan",15574,6938,4314,0.27700012841916,0.621793023926204
10039,"Manhattan",21737,9827,2101,0.0966554722362792,0.213798717818256
10040,"Manhattan",46599,16676,3181,0.0682632674520912,0.190753178220197
10044,"Manhattan",9520,3252,1232,0.129411764705882,0.378843788437884
10048,"Manhattan",55,0,5,0.0909090909090909,Inf
10069,"Manhattan",1403,1379,1626,1.15894511760513,1.17911530094271
10128,"Manhattan",59856,34643,11932,0.199345094894413,0.344427445660018
10162,"Manhattan",1726,943,107,0.0619930475086906,0.113467656415695
10165,"Manhattan",7,3,2,0.285714285714286,0.666666666666667
10280,"Manhattan",6614,4623,1699,0.256879346840036,0.36751027471339
10282,"Manhattan",1574,879,882,0.560355781448539,1.00341296928328
10301,"Staten Island",38805,15561,3982,0.102615642314135,0.255896150632993
10302,"Staten Island",16406,5842,1774,0.108131171522614,0.303663129065389
10303,"Staten Island",23530,7904,2055,0.0873353166170846,0.259994939271255
10304,"Staten Island",38972,14056,4281,0.109848096068973,0.304567444507684
10305,"Staten Island",38450,15017,4843,0.125955786736021,0.322501165345941
10306,"Staten Island",55698,21548,8178,0.146827534202305,0.379524781882309
10307,"Staten Island",11669,4424,2001,0.171479989716342,0.452305605786618
10308,"Staten Island",26451,9720,4794,0.181240784847454,0.49320987654321
10309,"Staten Island",27207,9269,4942,0.181644429742346,0.533175099795016
10310,"Staten Island",22852,8571,2789,0.122046210397339,0.325399603313499
10312,"Staten Island",58867,20803,10066,0.170995634226307,0.483872518386771
10314,"Staten Island",84821,31278,10067,0.118685231251695,0.321855617366839
10451,"Bronx",40961,15553,2555,0.0623764068260052,0.164276988362374
10452,"Bronx",72138,23726,2428,0.0336577116083063,0.102334991148951
10453,"Bronx",76775,25755,2360,0.0307391729078476,0.0916326926810328
10454,"Bronx",34976,12679,2354,0.0673032936870997,0.185661329757867
10455,"Bronx",37465,12863,2269,0.0605631923128253,0.176397418953588
10456,"Bronx",76656,26871,3358,0.0438060947610102,0.124967437013881
10457,"Bronx",69048,23374,2688,0.0389294403892944,0.114999572174211
10458,"Bronx",77840,26766,3006,0.038617677286742,0.112306657700067
10459,"Bronx",39080,13737,2270,0.058085977482088,0.165247142753148
10460,"Bronx",53707,19163,2983,0.0555421081050887,0.155664561916193
10461,"Bronx",49808,21194,4950,0.0993816254416961,0.233556666981221
10462,"Bronx",72077,30707,5188,0.0719785784646975,0.168951704823005
10463,"Bronx",57756,25679,5859,0.101444005817577,0.228163090463024
10463,"Manhattan",7820,2980,5859,0.74923273657289,1.96610738255034
10464,"Bronx",4634,2265,853,0.184074233923177,0.376600441501104
10465,"Bronx",42500,16841,5166,0.121552941176471,0.306751380559349
10466,"Bronx",68787,25022,2362,0.034337883611729,0.0943969307009831
10467,"Bronx",94342,36387,4306,0.0456424498102648,0.118338967213565
10468,"Bronx",78309,27107,2564,0.032742085839431,0.0945881137713506
10469,"Bronx",63345,23144,3435,0.0542268529481411,0.148418596612513
10470,"Bronx",15780,6786,829,0.0525348542458809,0.122163277335691
10471,"Bronx",23413,10179,2729,0.116559176525862,0.268100992238923
10472,"Bronx",64867,23112,3275,0.0504879214392526,0.141701280719972
10473,"Bronx",56166,20287,4699,0.0836627140974967,0.231626164538867
10474,"Bronx",11354,3785,524,0.0461511361634666,0.138441215323646
10475,"Bronx",38086,17677,2040,0.0535629890248385,0.115404197544832
11001,"Queens",3143,1151,309,0.0983137130130449,0.268462206776716
11004,"Queens",14682,5865,1174,0.0799618580574854,0.200170502983802
11005,"Queens",2195,1840,21,0.00956719817767654,0.0114130434782609
11040,"Queens",1681,599,216,0.12849494348602,0.360601001669449
11101,"Queens",25595,9866,6720,0.262551279546786,0.681127103182647
11102,"Queens",36291,14132,3965,0.109255738337329,0.280568921596377
11103,"Queens",44321,18043,2799,0.0631529071997473,0.15512941306878
11104,"Queens",29506,12822,3252,0.110214871551549,0.253626579316799
11105,"Queens",42117,17572,3754,0.0891326542726215,0.213635328932392
11106,"Queens",43130,18044,3890,0.0901924414560631,0.215584127687874
11201,"Brooklyn",47746,22428,13026,0.272818665437942,0.580791867308721
11203,"Brooklyn",84498,29242,2423,0.0286752349168028,0.0828602694754121
11204,"Brooklyn",74880,26696,3312,0.0442307692307692,0.124063530116871
11205,"Brooklyn",35622,13876,4238,0.118971422154848,0.305419429230326
11206,"Brooklyn",69032,24080,6909,0.100084019005679,0.286918604651163
11207,"Brooklyn",86551,30331,4412,0.0509757252949128,0.145461738815074
11208,"Brooklyn",87165,28033,3613,0.041450123329318,0.128883815503157
11209,"Brooklyn",69840,32783,8188,0.117239404352806,0.249763596986243
11210,"Brooklyn",62308,20811,2087,0.0334948963214996,0.100283503916198
11211,"Brooklyn",85089,29215,6836,0.0803394093243545,0.233989389012494
11212,"Brooklyn",85161,30216,2793,0.032796702716032,0.0924344718030183
11213,"Brooklyn",65440,24243,2741,0.0418856968215159,0.113063564740337
11214,"Brooklyn",83546,32607,5958,0.0713140066550164,0.182721501518079
11215,"Brooklyn",63001,28841,12790,0.203012650592848,0.443465899240664
11216,"Brooklyn",55775,24715,4750,0.0851636037651277,0.192190977139389
11217,"Brooklyn",35353,16474,6872,0.19438237207592,0.417142163409008
11218,"Brooklyn",74611,26433,6682,0.0895578399967833,0.252790073014792
11219,"Brooklyn",85987,27552,2081,0.0242013327596032,0.0755299070847851
11220,"Brooklyn",92718,29723,5008,0.0540132444617011,0.168489048884702
11221,"Brooklyn",76363,28855,6132,0.0803006691722431,0.21251083001213
11222,"Brooklyn",39360,16758,6117,0.155411585365854,0.365019692087361
11223,"Brooklyn",77691,29683,4068,0.0523612773680349,0.137048142034161
11224,"Brooklyn",51205,20883,3740,0.0730397422126745,0.179093042187425
11225,"Brooklyn",63774,24366,4121,0.0646188101734249,0.169129114339654
11226,"Brooklyn",106154,37132,6077,0.0572470184825819,0.163659377356458
11228,"Brooklyn",41172,16691,4077,0.0990236082774701,0.244263375471811
11229,"Brooklyn",80554,31753,5766,0.0715793132557043,0.18158914118351
11230,"Brooklyn",88933,32695,3582,0.0402775122845288,0.109558036397003
11231,"Brooklyn",32974,15695,6023,0.182659064717656,0.383752787511946
11232,"Brooklyn",27723,8908,2256,0.0813764744075317,0.253255500673552
11233,"Brooklyn",61955,25343,3682,0.059430231619724,0.145286666929724
11234,"Brooklyn",86898,32460,7535,0.0867108564063615,0.232131854590265
11235,"Brooklyn",77451,33510,5246,0.0677331474093298,0.156550283497463
11236,"Brooklyn",96301,33433,3521,0.0365624448344254,0.105315107827595
11237,"Brooklyn",48910,14881,3558,0.072745859742384,0.239096834890128
11238,"Brooklyn",48965,22862,7884,0.16101296844685,0.34485171900971
11239,"Brooklyn",14620,6659,1419,0.0970588235294118,0.213095059318216
11354,"Queens",54329,20372,2696,0.0496235896114414,0.132338503828785
11355,"Queens",83281,29394,3013,0.0361787202363084,0.102503912363067
11356,"Queens",20444,7540,1781,0.087116024261397,0.236206896551724
11357,"Queens",39491,15966,3962,0.100326656706591,0.248152323687837
11358,"Queens",38647,14551,3217,0.0832406137604471,0.221084461549034
11360,"Queens",19350,9249,1847,0.0954521963824289,0.199697264569143
11361,"Queens",29206,11439,2946,0.100869684311443,0.257539994754786
11362,"Queens",17502,7230,1323,0.0755913609873157,0.18298755186722
11363,"Queens",6917,2743,705,0.101922798901258,0.257017863652935
11364,"Queens",34539,13972,3154,0.0913170618720866,0.22573718866304
11365,"Queens",41566,16225,3550,0.0854063417215994,0.218798151001541
11366,"Queens",13366,4706,1008,0.0754152326799342,0.214194645133872
11367,"Queens",38216,15111,2193,0.0573843416370107,0.145126067103435
11368,"Queens",98841,28554,3535,0.0357645106787669,0.123800518316173
11369,"Queens",36110,11543,1996,0.0552755469399058,0.172918651996881
11370,"Bronx",12780,0,1955,0.152973395931142,Inf
11370,"Queens",30362,10325,1955,0.0643896976483763,0.189346246973366
11372,"Queens",71308,25398,4928,0.0691086554103326,0.194031026065044
11373,"Queens",105723,34219,4287,0.0405493601203144,0.125281276483825
11374,"Queens",44189,20298,3345,0.0756975717938854,0.164794561040497
11375,"Queens",70204,34472,7025,0.100065523332004,0.203788582037596
11377,"Queens",88339,32798,5939,0.0672296494187165,0.181078114519178
11378,"Queens",34053,13769,3902,0.114586086394738,0.283390224417169
11379,"Queens",28984,12163,4887,0.168610267733922,0.401792320973444
11385,"Queens",97524,36471,8409,0.0862249292481851,0.230566751665707
11411,"Queens",21282,6851,701,0.0329386335870689,0.102320829076047
11412,"Queens",37452,12442,1224,0.0326818327459148,0.0983764668059798
11413,"Queens",39827,13058,1241,0.0311597659878977,0.095037524888957
11414,"Queens",28121,11739,2940,0.10454820241101,0.250447227191413
11415,"Queens",20956,8985,1746,0.0833174269898836,0.19432387312187
11416,"Queens",23668,7746,1162,0.0490958255872909,0.150012909888975
11417,"Queens",28607,9806,2160,0.07550599503618,0.220273302059963
11418,"Queens",36571,11843,2154,0.058899127724153,0.181879591319767
11419,"Queens",48867,14005,1422,0.0290993922278838,0.101535166012139
11420,"Queens",45498,14089,1766,0.038814892962328,0.125346014621336
11421,"Queens",37664,12758,2484,0.0659515717926933,0.194701363850133
11422,"Queens",30449,9849,1007,0.0330716936516799,0.102243882627678
11423,"Queens",31240,10338,924,0.0295774647887324,0.0893789901334881
11426,"Queens",18727,6531,1402,0.0748651679393389,0.214668504057572
11427,"Queens",23014,7949,1102,0.0478838967584948,0.138633790413889
11428,"Queens",21023,6209,805,0.0382913951386577,0.129650507328072
11429,"Queens",27647,8168,712,0.0257532462835027,0.0871694417238002
11430,"Queens",229,13,4,0.0174672489082969,0.307692307692308
11432,"Queens",57045,19174,1834,0.0321500569725655,0.0956503598623135
11433,"Queens",28435,10025,1045,0.0367504835589942,0.104239401496259
11434,"Queens",59142,20918,2091,0.0353555848635487,0.0999617554259489
11435,"Queens",53877,18726,2384,0.0442489373944355,0.127309622984086
11436,"Queens",18148,5946,695,0.0382962309896407,0.116885301042718
11691,"Queens",56184,19424,1518,0.02701836821871,0.0781507413509061
11692,"Queens",15893,5656,1194,0.0751274145850374,0.211103253182461
11693,"Queens",11157,4607,1409,0.126288428789101,0.305838940742349
11694,"Queens",19278,9038,1977,0.102552131963897,0.218743084753264
11697,"Queens",4226,2915,310,0.0733554188357785,0.106346483704974
