State,State Abbr,State FIPS code,Region,Division,2024 Population
Alabama,AL,01,South Region,East South Central,5157699
Alaska,AK,02,West Region,Pacific,740133
Arizona,AZ,04,West Region,Mountain,7582384
Arkansas,AR,05,South Region,West South Central,3088354
California,CA,06,West Region,Pacific,39431263
Colorado,CO,08,West Region,Mountain,5957493
Connecticut,CT,09,Northeast Region,New England,3675069
Delaware,DE,10,South Region,South Atlantic,1051917
District of Columbia,DC,11,South Region,South Atlantic,702250
Florida,FL,12,South Region,South Atlantic,23372215
Georgia,GA,13,South Region,South Atlantic,11180878
Hawaii,HI,15,West Region,Pacific,1446146
Idaho,ID,16,West Region,Mountain,2001619
Illinois,IL,17,Midwest Region,East North Central,12710158
Indiana,IN,18,Midwest Region,East North Central,6924275
Iowa,IA,19,Midwest Region,West North Central,3241488
Kansas,KS,20,Midwest Region,West North Central,2970606
Kentucky,KY,21,South Region,East South Central,4588372
Louisiana,LA,22,South Region,West South Central,4597740
Maine,ME,23,Northeast Region,New England,1405012
Maryland,MD,24,South Region,South Atlantic,6263220
Massachusetts,MA,25,Northeast Region,New England,7136171
Michigan,MI,26,Midwest Region,East North Central,10140459
Minnesota,MN,27,Midwest Region,West North Central,5793151
Mississippi,MS,28,South Region,East South Central,2943045
Missouri,MO,29,Midwest Region,West North Central,6245466
Montana,MT,30,West Region,Mountain,1137233
Nebraska,NE,31,Midwest Region,West North Central,2005465
Nevada,NV,32,West Region,Mountain,3267467
New Hampshire,NH,33,Northeast Region,New England,1409032
New Jersey,NJ,34,Northeast Region,Middle Atlantic,9500851
New Mexico,NM,35,West Region,Mountain,2130256
New York,NY,36,Northeast Region,Middle Atlantic,19867248
North Carolina,NC,37,South Region,South Atlantic,11046024
North Dakota,ND,38,Midwest Region,West North Central,796568
Ohio,OH,39,Midwest Region,East North Central,11883304
Oklahoma,OK,40,South Region,West South Central,4095393
Oregon,OR,41,West Region,Pacific,4272371
Pennsylvania,PA,42,Northeast Region,Middle Atlantic,13078751
Rhode Island,RI,44,Northeast Region,New England,1112308
South Carolina,SC,45,South Region,South Atlantic,5478831
South Dakota,SD,46,Midwest Region,West North Central,924669
Tennessee,TN,47,South Region,East South Central,7227750
Texas,TX,48,South Region,West South Central,31290831
Utah,UT,49,West Region,Mountain,3503613
Vermont,VT,50,Northeast Region,New England,648493
Virginia,VA,51,South Region,South Atlantic,8811195
Washington,WA,53,West Region,Pacific,7958180
West Virginia,WV,54,South Region,South Atlantic,1769979
Wisconsin,WI,55,Midwest Region,East North Central,5960975
Wyoming,WY,56,West Region,Mountain,587618
Puerto Rico,PR,72,,,3203295